Parámetro,X (Valor),X (Error),Y (Valor),Y (Error)
a,-0.017157,0.000915,-0.3275,0.000889
b,19.287643,0.031232,16.88528,0.030351
c,91.017367,0.222705,287.576751,0.216426
