Parámetro,X (Valor),X (Error),Y (Valor),Y (Error)
a,0.186489,0.003826,-0.336922,0.00235
b,-46.17938,0.075307,5.226327,0.046249
c,526.672727,0.308692,512.00974,0.18958
